name,artist,type
Gymnopédie no. 1 (for Harp),Erik Satie,Ash
All Clear,Tom Ashbrook,Ash
Nocturne in E-flat major Op. 9 No. 2: I,Frédéric Chopin,Ash
Nocturne Nr. 1 cis-moll op. 27,Otto Paul Riedel,Ash
Preludes 24 for Piano Op. 28 No. 15 in D Flat Major - Raindrop,Frederic Chopin,Ash
Suite Bergamasque: Clair De Lune,Claude Debussy,Ash
L'Heure Bleue: XII,Roland Pöntinen,Ash
To Tread,Roger Eno & Peter Hammill,Ash
At Dawn,Hania Rani,Ash
Romeo and Juliet Op. 64 Act I: No. 13 Dance of the Knights,L'Orchestre de la Suisse Romande & Sergei Prokofiev & Ernest Ansermet,Ash
A Game of Badminton,Dario Marianelli,Ash
La Serenissima,Hania Rani,Ash
Lyric Pieces Op. 43: I. Butterfly,Edvard Grieg,Ash
On Hearing the First Cuckoo in Spring Fromt He Two Pieces for Small Orchestra - Song of Summer,Frederick Delius,Ash
Sonata for Violin and Piano No.5 in F Major 'Spring' Op.24: Adagio Molto Espressivo,Radio Orchestra Berlin & Ludwig Van Beethoven & Franz Richter,Ash
In the Sky and on the Ground,Lavinia Meijer,Ash
Bluebird,Alexis Ffrench,Ash
Scherzo Capriccioso in D-Flat Major Op. 66 B. 131,Antonin Dvorak,Ash
Nocturne No.19 in E Minor Op.72 No.1,Frederic Chopin,Ash
Ad Claritatem Domine,Jean-Michel Blais,Ash
Suite for Harp: Movement III,Lavinia Meijer,Ash
Here I Am,Sophie Hutchings,Ash
Goldberg Variations 2C BWV. 988 - Variation 7,Johann Sebastian Bach,Ash
When The Roan Tree Flowers,Jean Sibelius,Ash
Goldberg Variations 2C BWV. 988 - Variation 23,Johann Sebastian Bach,Ash
Rêverie L. 68,Claude Debussy,Ash
Great Is Thy Faithfullness,Traditional,Ash
Vocalise Op. 34 No. 14,Elif Dimli,Ash
Farewell Valse,Edvard Kravchuk,Ash
Dances for Harp and Orchestra L. 103: 2. Danse profane,Lavinia Meijer;Amsterdam Sinfonietta,Ash
Polonaise in A-Flat Major Op. 53 "Heroic",Van Cliburn & Frédéric Chopin,Ash
Their First Time,Adam Taylor,Ash
Guiding Light - Solo Piano Version,Alexis Ffrench,Ash
In A Landscape - Rework,Jean-Michel Blais,Ash
Cloudless (3 pianos),Ola Gjeilo,Ash
I Wish I Knew,Chad Lawson,Ash
Petite Suite - III. Menuet,Claude Debussy,Ash
II. Petit Poucet – Ma Mère l'Oye Cinq Pièces Enfantines M. 60 (1908-1910) - Original,Maurice Ravel,Ash
Seven,Stephan Moccio,Ash
Salut d'amour Op. 12,Edward Elgar,Ash
Piano Sonata no. 14 'Moonlight Sonata' Op. 27 no. 2 in C-Sharp Minor,Ludwig van Beethove,Ash
Bal Badem,Berkay,Clear
Geççek,Tarkan,Clear
Çift Gökkuşağı (Ada Masalı Orijinal Dizi Müziği),Buray,Clear
Kime Diyorum,Sertab Erener,Clear
Aşk Lazım,Gökhan Türkmen,Clear
Sarışınım,Gülşen,Clear
Hepsi Aşktan,Sertab Erener,Clear
Kendime Yeni Bir Ben Lazım,Sertab Erener,Clear
Datlım Gıymatlım,Ceylan Ertem,Clear
öpücük ve kurabiye,Sıla,Clear
Tencere Kapak,Kenan Doğulu,Clear
Harbi Güzel,Murat Boz,Clear
Vanilya,Ece Mumay,Clear
Yeniden Kavuşacağız - Genshin Impact,Ece Mumay,Clear
Ara,Zeynep Bastık,Clear
Marlon Brando,Zeynep Bastık,Clear
Benden Bir Tane Daha Yok,Hande Yener,Clear
Karalaya Karalaya,Kurtuluş Kuş,Clear
Bulsun Beni,İdo Tatlıses,Clear
Kaptan,Merve Özbey,Clear
Aşk Beni Yendi,Oğuzhan Koç,Clear
Yap Bi Güzellik,Tarkan,Clear
Başa Sar,Bilal Sonses,Clear
Mutluluk,Safiye,Clear
Hayal Ağacı,Safiye,Clear
Yalancı,Edis,Clear
Aşk Yeniden - Yeni Türkü Zamansız,Buray,Clear
Yeşilmişik - Yeni Türkü Zamansız,Kenan Doğulu,Clear
Bahar Şarkısı - Yeni Türkü Zamansız,Mert Fırat,Clear
Lolipop,Gülşen,Clear
Masal Gibi,Semicenk,Clear
Bize Kaldı,Sibel Can,Clear
Güneş Batarken,İkilem,Clear
Biz Neyiz?,Melis Fis,Clear
Aşkın Olayım,Simge,Clear
İyi Ya,Hande Yener,Clear
Selam Ver Geç,Taylan Ülger,Clear
Bayıla Bayıla,Yalın,Clear
Güzelim,Ece Seçkin,Clear
Ne Güzel,Simge,Clear
Saçlar,Kalben,Clear
Destur,Tuğba Yurt,Clear
Dantel,İrem Derici,Clear
Sıra Sende,Ekin Uzunlar,Clear
Uyku Yok,Melis Fis,Clear
İlaç,Serdar Ortaç,Clear
Hikayenin Peşini Bırakma,Nil Karaibrahimgil,Clear
DALAVERE,Eva,Clear
Rüyamda Buluttum,Can Bonomo,Clear
Yok,Haluk BB,Clear
Kırmızı Lavlar,Yasemin Mori,Clear
Aşk Nereden Nereye,Haluk Kurosman,Clear
Vazgeçtim Ben Bugün,Haluk Kurosman,Clear
Gir Kanıma,Harun Kolçak,Clear
Vay Be,Nilay Dorsa,Clear
Muhtemel Aşk,yirmi7 & Birol Namoğlu (gripin),Clear
Yalan Dünya,Sattas,Clear
Ali Yazar Veli Bozar,Mehmet Erdem,Clear
Taş Bebek,Göksel,Clear
Yankı,Simge,Clear
Uzun Lafın Kısası,Ozan Doğulu,Clear
Sevmekten Kim Usanır,Tarkan,Clear
Mutluluk Köyü,Emre Yücelen,Clear
Hoş Geldin Ayrılığa,Kolpa,Clear
Sakladım Hayalleri,Fuat Güner,Clear
Tam 1 Yavru,Barış Erdem,Clear
Aslan Payı,Betül Demir,Clear
Bi Dakika,Aynur Aydın,Clear
Bir Yangın Var,Vera,Clear
Birader,Siyah,Clear
Biri mi Var,Keremcem,Clear
Sevda Kuşu,volkan koşar,Clear
Beni Sen İnandır,Pinhani,Clear
Hodri Meydan,Bengü,Clear
Sevgililer Günü,İnsan,Clear
Deli Gibi,Emre Ataba,Clear
Yalnızlığım,Zuhal Olcay,Clouds
Bugün,Şebnem Ferah,Clouds
Yalnızlığı Anla,Kazım Koyuncu,Clouds
Yüreğimdesin,Ufuk Beydemir,Clouds
Eski Bir Şarkı Gibi,Deniz Seki,Clouds
Çok Geç,Feridun Düzağaç,Clouds
Gülümse,Sezen Aksu,Clouds
Yalnız,Şebnem Ferah,Clouds
Kaybolmuş,Kalben,Clouds
Bir Beyaz Orkide,Cihan Mürtezaoğlu,Clouds
Yalnız Kullar,Sezen Aksu,Clouds
Sensiz Şarkı,Turgut Berkes,Clouds
Yalnızlık Ömür Boyu,MFÖ,Clouds
Unutmak Öyle Kolay Mı Sandın,Semicenk,Clouds
Gecelerim,Doğan Canku,Clouds
Yalnız Ölmek,Can Güngör,Clouds
Yalnız Kadın,Gökçe Yeşilbaş,Clouds
Hep Yek,Özlem Tekin,Clouds
Kırık Kalpler Durağında,Candan Erçetin,Clouds
Resmen Haksızlık,Demet Sağıroğlu,Clouds
Porselen Kalbim,Sena Şener,Clouds
Sensiz Olmaz,Bülent Ortaçgil,Clouds
Bekle Dedi Gitti - Çizik,Kaan Tangöze,Clouds
Eksik Bir Şey,Ezginin Günlüğü,Clouds
Yine Sevebilirim,Tuna Kiremitçi,Clouds
Yalnızlık Senfonisi,Model,Clouds
Yalnız Kuş,Göksel,Clouds
Melankoli,Duman,Clouds
Dedim ve Gitti (Akustik),Onur Yardımcı,Clouds
Uzunlar (V1),Evdeki Saat,Clouds
Hançer,Melike Şahin,Clouds
Düşünürüm,Kalben,Clouds
Hatıralar,Mirkelam,Clouds
Kalp Ağrısı,Nükhet Duru,Clouds
Yalnız Kalpler Sütunu,Teoman,Clouds
Unutulmaz,Mirkelam,Clouds
Tek Başına Dans,Teoman,Clouds
Köşe Yastığı,Sıla,Clouds
Dalga,Yangın,Clouds
Vur Kadehi Ustam,Sıla,Clouds
Yine Aylardan Kasım,Koray Avcı,Clouds
Yanlızlık Senfonisi,Sertab Erener,Clouds
Yalnızlığın Çaresini Bulmuşlar,gripin,Clouds
Boş Masa,Hüsnü Arkan,Clouds
Yalnızlar Rıhtımı,Erkin Koray,Clouds
Düğüm,Kana Kana,Clouds
Seni Görmeseydim,Serkan Çağrı & Sıla,Clouds
Çığlık Çığlığa,Birsen Tezer,Clouds
Antidepresan,Mert Demir,Clouds
Ne Tuhaf,Birsen Tezer,Clouds
Bugün Yalnızlığımın Doğum Günü,gripin,Clouds
Bu Sabah Yağmur Var İstanbul'da,MFÖ,Clouds
Yalnızım Ben,Nil Burak,Clouds
Anlıyorsun Değil Mi,Barış Manço,Clouds
Yalnızlık Bana Kalan,Paptircem,Clouds
Pencereler Önünde,Zuhal Olcay,Clouds
Sensizliğin En Dibi,Işıl Ayman,Clouds
Aşk Bitti,Melike Şahin,Clouds
Gittin Gideli,Koray Avcı,Clouds
Gecelerim,Kenan Doğulu,Clouds
Yalnızım,İbrahim Tatlıses,Clouds
Neden,Jehan Barbur,Clouds
Yalnızlık - Akustik,İlyas Yalçıntaş,Clouds
Yüzünü Dökme Küçük Kız,Bülent Ortaçgil & Teoman,Clouds
Bir Gün Beni Arzularsan Gel,Nilipek.,Clouds
Mavi Kuş,Bülent Ortaçgil,Clouds
Günebakan,Selin Çıngır,Clouds
Boş İstasyonlar,Kahraman Deniz,Clouds
17,Teoman,Clouds
Lakin,Sufle,Clouds
Yalnız Şarkı,mor ve ötesi,Clouds
Sabah,Nilipek.,Clouds
Kağıttan Kaptanlar,Birsen Tezer,Clouds
Yalnız Masal,Melis Kar,Clouds
Uçurtma Bayramları,Levent Yüksel,Clouds
Burada Yaralı Biri Var,Jehan Barbu,Clouds
Ah Nerede,Füsun Öna,Drizzle
Arafta,Mabel Mati,Drizzle
Masum Değiliz,Betül Demi,Drizzle
Teker Teker,Gülinle,Drizzle
İstanbul İstanbul Olalı,Sezen Aks,Drizzle
Bugün Adım Leyla,Ziynet Sal,Drizzle
Sevdan Olmasa,Erol Evgi,Drizzle
Sorma,Ayşegül Aldin,Drizzle
Susma,Aşkın Nur Yeng,Drizzle
Alayı Yalan (Akustik),Mela Bede,Drizzle
Dünyadan Uzak - Akustik,Pinhan,Drizzle
Bilmek İstemiyorum,Mavi Zebr,Drizzle
Adımız Miskindir Bizim,MF,Drizzle
İçimizdeki Canavarlar,Adamla,Drizzle
Her Yanım Beyaz,ESİN İRİ,Drizzle
Mavi Çocuklar,Ceyl'an Erte,Drizzle
Gemiler,Cem Adria,Drizzle
Sen Yoksun,TN,Drizzle
Birisine Birisine,Nil Bura,Drizzle
Kördüğüm,Hümeyr,Drizzle
Vazgeçtim,Sezen Aks,Drizzle
Haram Geceler,Nilüfe,Drizzle
Renkli Rüyalar Oteli,Teoma,Drizzle
Hatıralar,Mirkela,Drizzle
Kış Güneşi,Tarka,Drizzle
Rüyamda Buluttum,Can Bonom,Drizzle
Güller Ve Dudaklar,Zuhal Olca,Drizzle
Panik Ataklar,Sufl,Drizzle
YANAMAM,Can Ofla,Drizzle
Çok Göç Aldım Suriye'den,İkiye On Kal,Drizzle
Gezegen,Kalbe,Drizzle
Tam da Bugün,Sıl,Drizzle
BİR DAHA - Akustik,Zeynep Bastı,Drizzle
Senin Gibi,Aylin Aslı,Drizzle
Ve Gülümse Şimdi - Akustik,emre aydı,Drizzle
Alla Beni Pulla Beni,Canoza,Drizzle
Anlamazdın,Ayla Dikme,Drizzle
Artık Yapamam - Akustik,Can Erca,Drizzle
Yanımda Kal,Harun Kolça,Drizzle
Sar Bu Şehri (Live),Canoza,Drizzle
Tersname,Kaan Tangöz,Drizzle
Çocuk,Nilipek,Drizzle
Sarmaşık (Akustik),Güliz Ayl,Drizzle
Hep Yek,Özlem Teki,Drizzle
Yokum,Elçin Orçu,Drizzle
Takvim,Ferhat Göçe,Drizzle
Of Aman Aman,Nilüfe,Drizzle
Dilek Taşı,Eda Bab,Drizzle
Söz Vermiştin,Candan Erçeti,Drizzle
Düşmanlarım Çatlasın,Kamuran Akko,Drizzle
Pis,Athen,Drizzle
Sen de Gidersen,Bora Dura,Drizzle
Yitirmeden,Pinhan,Drizzle
Yaz Beni - Acoustic,Jabba,Drizzle
Değirmenler,Şebnem Fera,Drizzle
Beni Bana Bırak - Akustik,Yasemin Mor,Drizzle
Ne Zamandır - Akustik Live,Simg,Drizzle
Aşkın Mevsimi,Oğuzhan Ko,Drizzle
Hasret,Tanju Oka,Drizzle
Belki De Dönerim,Sertab Erene,Drizzle
İntihaşk,Emir Can İğre,Drizzle
Kağıt,Gökhan Türkme,Drizzle
Güneye Giderken,mor ve ötes,Drizzle
Darmadağın,İlyas Yalçınta,Drizzle
Benim Hala Umudum Var / Ah Bu Ben,Burcu Güne,Drizzle
Can Bedenden Çıkmayınca,Barış Manç,Drizzle
Beni Bırakın,Levent Yükse,Drizzle
Gece Yarısı Benim Adım,Gökcan Sanlıma,Drizzle
Sarılınca Sana,İlhan Şeşe,Drizzle
Uslanmıyor Bu - Akustik,Zeynep Bastı,Drizzle
Yan,Berka,Drizzle
Seni Kimler Aldı,Sezen Aks,Drizzle
Kusura Bakma,Tuğk,Drizzle
Garden Of Bliss (Neşe Bahçesi),Enstrümanta,Dust
Aydos Orman'ında Kış,Doğa Sesler,Dust
Awaiting,Dual Corps Activitie,Dust
Sunrise at Sapanca Lake,Doğa Sesler,Dust
Spring Frogs Home,Doğa Sesler,Dust
Rainbow (Gökkuşağı),Enstrümanta,Dust
Let it Happen,Louis Col,Dust
ojala,Ezechiel Almont,Dust
Natural Law's (Doğanın Kanunu),Enstrümanta,Dust
Prologue,Evgeny Grink,Dust
Dokunuş (Touched),Diler Ebeper,Dust
Droids,Koreles,Dust
Foça Sahili'nde Huzur,Doğa Sesler,Dust
Kemer Morning,Doğa Sesler,Dust
Aydos Orman'ında Bahar Kuşları,Doğa Sesler,Dust
Turgut Şelalesi,Doğa Sesler,Dust
Spring Morning,Doğa Sesler,Dust
Spring Single Bird,Doğa Sesler,Dust
Follows Rain (Yağmur Ertesi),Enstrümanta,Dust
Denkzeit,Nicola Giunt,Dust
Marmaris Değirmenyanı Village,Doğa Sesler,Dust
Steps,Mykki Blanc,Dust
Raindrops,Iffa,Dust
Summer Silent Lake,Doğa Sesler,Dust
Peacegiving Strength (Huzru Veren Güç),Enstrümanta,Dust
Adrasan ve Gece Dalgaları,Doğa Sesler,Dust
Well Of Harmony (Uyumun Güzelliği),Enstrümanta,Dust
Budha (Budha),Enstrümanta,Dust
Tamuke,Fujiyam,Dust
Crystal Ice Sheets (Karagol & Black Lake),Doğa Sesler,Dust
Bamboo (Bamboo),Enstrümanta,Dust
Tema della luna,Francesco Verdinell,Dust
Haawa (Havva),Enstrümanta,Dust
Günbatımı Akçakese (Sunset Waves),Doğa Sesler,Dust
Playing the Lyra,World Music Scen,Dust
Source Of Waterfall,Doğa Sesle,Dust
Bensiz,Fatma Turgut,Fog
Belki,Dedublüman,Fog
Ayrılık Olmasaydı,Hakan Altun,Fog
Yok Çaresi,Tnk,Fog
Ummadığım Anda,Cengiz Kurtoğlu,Fog
Az Satan Kitaplar,Şekersiz,Fog
Sensin O,Amo988,Fog
Ayrılamam,Yıldız Tilbe,Fog
üzgünüm sevgilim,sevimo.,Fog
Bilmesin O Felek,Orhan Gencebay,Fog
İntihaşk,Haydar Yılmaz,Fog
Yar Yar,Yıldız Tilbe,Fog
Mahsup,Berkay Altunyay,Fog
Yalnızlığın Elleri,Tuğba Köse,Fog
Saygılarımla,Ceyhun Damla,Fog
seni o gökyüzüne ben koydum,Cem Yenel,Fog
İyileşiyorum,Sertab Erener,Fog
Beyaz,Ebru Gündeş,Fog
Ruh İkizi,Hakan Altun,Fog
Affet,Müslüm Gürses,Fog
Kıyamam,Zerrin Özer,Fog
Feryat Figan,Çağan Şengül,Fog
Gittin Gideli,Edip Akbayram,Fog
Usta,Ahmet Parlak,Fog
Yıkıla Yıkıla,Hakan Altun,Fog
Sızı,Cem Adrian,Fog
Mesele,Serkan Kaya,Fog
Arguvanlım,Abidin Biter,Fog
Herkes Gibisin,Cem Karaca,Fog
Tek Sevenim Sen Olsan,Yıldız Tilbe,Fog
Doruklara Sevdalandım,Ahmet Kaya,Fog
Gururum Ayaklar Altında,Ahmet Hatipoğlu,Fog
Derinlere İniyorum,Sura İskenderli,Fog
Sabır,Sıla,Fog
Zalim,Sezen Aksu,Fog
İstanbul Olmaz Olsun,Yılmaz Morgül,Fog
İçimdeki Duman,Rubato,Fog
Kum Gibi,Ahmet Kaya,Fog
Yazık,Bengü,Fog
Aşkla Sana,Düşüktempo,Fog
Öncesi Sessizlik,Can Kazaz,Fog
Kandırdın Beni Hayat,Ferhat Göçer,Fog
Yamalı Yüreğim,Zerrin Özer,Fog
Bilsem Ki,Cengiz Kurtoğlu,Fog
Sessizce,Cengiz Kurtoğlu,Fog
Şimdi Git,Mahir Ada,Fog
Kalakaldım,Serkan Kaya,Fog
Umrumda,Mehmet Güreli,Fog
nasıl koydun benim yerime?,YunusEmre,Fog
Sitem,Metin Şentürk,Fog
Diğer Yarım - Tuna Kiremitçi ve Arkadaşları, Vol. 2 - Tuna Kiremitçi,Fog
Dolabındaki Şarkı - Akustik,Yıldızlardan Düştük,Fog
Sana Anlatmadım Hiç,Can Koç,Fog
Güneş Seninle Doğar,Ömür Gedik,Fog
Seni Tanımasam,Kahraman Deniz,Fog
Beklemedim Zaten,rody dünyada,Fog
Benim Dünyam,Orhan Gencebay,Fog
Özlemedin mi,Intizar,Fog
Özledim Seni,Yasir Miy,Fog
Anma Arkadaş,Yıldız Tilbe,Fog
Senden Önce Senden Sonra,Teoman,Fog
Söyleyin,Ebru Gündeş,Fog
Hastayım Sana,Yıldız Tilbe,Fog
Gurur Benim Neyime?,Kolpa,Fog
Huzur Verenim,Bülent Serttaş,Fog
Aşk Laftan Anlamazki,Yıldız Tilbe,Fog
Tanımam Senden Başka,Selami Şahin,Fog
Ateşle Oynama,Erol Evgin,Fog
Ben İmkansız Aşklar İçin Yaratılmışım,Erol Evgin,Fog
Hani Bekleyecektin,Hakan Altun,Fog
Aşkın Olayım - Onurr,Simge,Fog
Ben Olmayınca,Ebru Gündeş,Fog
Delirme,Fettah Can,Fog
Arka Mahalle,Ahmet Kaya,Fog
Bahar Bahçem,Burak Bulut,Fog
GİTMELİYİM,Cansu Kurtcu,Fog
Aklımdasın - İbrahim Erkal Hürmet,Funda Arar,Fog
Aşkla Aynı Değil,Gülben Ergen,Fog
İçimdeki Duman,İlyas Yalçıntaş,Fog
İtirazım Var,Sena Şener,Fog
Hasret Rüzgarları,Müslüm Gürses,Fog
Araftayım,Ebru Gündeş,Fog
Su Olsam Sensiz Akamam,Yıldız Tilbe,Fog
Sen Sevda Mısın,Buray,Fog
Ama Evlisin,Yıldız Tilbe,Fog
Zaafımsın,Selim Gülgören,Fog
Kimse Bilmez,Mehmet Güreli,Fog
Mahur,Ahmet Kaya,Fog
Seni Biraz Fazla Sevdim,Alişan,Fog
Koş Git Bir De Sen Bak,Mehmet Güreli,Fog
Beni Bırakma,Feridun Düzağaç,Fog
Gittiğinden Beri,Bade,Fog
Yanımda Kal,Harun Kolçak,Fog
Seni Terk Etmem Gerek,Batuhan Kordel,Fog
Yüzyıllardır Aynı Dert,Deniz Tekin,Fog
Anlattım Ama Anlamadın,Böyleyken Böyle,Fog
Depresyon,Serhat Erdem,Fog
Emi,Yıldız Tilbe,Fog
Vazgeçemedin Ondan,Perdenin Ardındakiler,Fog
Paslı Çivi,Murat Kekill,Fog
24 Preludes, Op. 28: No. 6 in B Minor - Fazil Sa,Haze
Black Earth, Op. 8 - Fazıl Sa,Haze
Sonata in A major, D- 959 in A Major - D959 IV- Rondo Allegretto - Presto - Franz Schuber,Haze
Valse,Evgeny Grink,Haze
Für Elise,Beethove,Haze
Nocturne C Minor, Opus Post - Stefan Askenas,Haze
Rhapsody in Blue,George Gerswhi,Haze
Duyuşlar: VII. Şaka - Vivace,Fazıl Sa,Haze
Emerald Enlightenment,Aramis More,Haze
Má sestra,Jani Lechleite,Haze
Glance Out A Casement Window,Janet Redge,Haze
friends forever,Jonas Hoffman,Haze
River Flows in You,Yirum,Haze
Sunnebovals,Christian Peterson-Berglin,Haze
Nocturne,Christian Peterson-Berglin,Haze
Midsommarnatt,Christian Peterson-Berglin,Haze
Sommarvals,Christian Peterson-Berglin,Haze
Blossoms,Damien Jeune,Haze
A New Path,Damien Jeune,Haze
Speechless,Santo Trevisan,Haze
A day in October,Santo Trevisan,Haze
Marigold,Santo Trevisan,Haze
Meadows,Sarah Kee,Haze
Mist,Sarah Kee,Haze
Corners,Doris Casell,Haze
Fantaisie de mons,Tom Kristiaa,Haze
Moi, toi et la danse - Tom Kristiaa,Haze
Mourning Tree,Tom Kristiaa,Haze
A Light Breeze,Tom Kristiaa,Haze
Mon désir,Libor Kolma,Haze
Quand vous souriez,Libor Kolma,Haze
Shizukana,Isshi Matsuriz,Haze
Faye,Emanuel Fremon,Haze
Saying Things,Emanuel Fremon,Haze
Hidden Angel,James Heathe,Haze
Immortal Beloved,James Heathe,Haze
Go with the Flow,Giovanni Allev,Haze
DEAR,Sofiane Pamar,Haze
Angel Eyes,Jim Brickma,Haze
Let It Go,The Piano Guy,Haze
Comptine d'un autre été l'après midi (Live) - Live,Yann Tierse,Haze
May Be,Yirum,Haze
My Heart Will Go On,George Davidso,Haze
Time to Relax - For Meditation and Well Being,Relaxing Musi,Haze
All of Me,The Piano Guy,Haze
Back To Life,Giovanni Allev,Haze
Serenade,Jim Brickma,Haze
Ave Maria,Jim Brickma,Haze
Reality Begins,Elijah Bossenbroe,Haze
Rocket to the Moon,Jim Brickma,Haze
Kiss the Rain,Yirum,Haze
Canon In D,George Davidso,Haze
Dream Come True,Jim Brickma,Haze
Sentimental Walk,Ennio Morricon,Haze
3 Gymnopédies: 1. Lent et douloureux,Kun Woo Pai,Haze
Piano Concerto In A Minor,Edvard Gri,Haze
Tutuşmuş Beraber,Melike Şahi,Mist
Tam Zamanı,Haluk B,Mist
Bu Böyle Gidemez,Nilipek,Mist
Maden,Beyaz Hayvanla,Mist
Bunca Yıl,Feride Hilal Akı,Mist
Mesafeler,Hakan Tunçbile,Mist
Bir Gün Beni Arzularsan Gel,Nilipek,Mist
Atlantis,Hedonutopi,Mist
Ah Bir Bilsen,İdil Meş,Mist
Yazgı,Cemil Demirbaka,Mist
Unutmadım,Kolpa - Yaprak Çamlıc,Mist
Hatırlasana,Barış Manç,Mist
Sancı,Bahadır Tatlıö,Mist
Beni Kurtar,Can Kaza,Mist
Kül Hece,Mabel Mati,Mist
Karşı Kıyı,İdil Meş,Mist
Son Dem,Cemre Kaba,Mist
Mühür,Irmak Arıc,Mist
Beni Yanlış Bırak,Paptirce,Mist
Kör Dünya,Cihan Mürtezaoğl,Mist
Gece,Melis Güve,Mist
Müsaade Senin,Zakku,Mist
Yok Yok,Feride Hilal Akı,Mist
Birden Geldin Aklıma,Tuna Kiremitç,Mist
Kahve ve Melatonin,Şirin Soysa,Mist
GEBEREBİLİRİM,Mert Demi,Mist
Kaybettim Yirmilerimde,Paptirce,Mist
Ben Unuturum,Gökhan Türkme,Mist
Yastıklı Şarkı,Sedef Sebükteki,Mist
Saklasam Kendimi,Birsen Teze,Mist
Ölsem,Sena Şene,Mist
ADAM,Barış Demire,Mist
İyi Değilim,Sufl,Mist
Ben Seni Arayamam,KÖF,Mist
Yıldızlar,Deniz Teki,Mist
Yangın Yeri,Bade Nos,Mist
Blues,Mehmet Gürel,Mist
Kayıplar,Lara Di Lar,Mist
Melek,Ekin Beri,Mist
Unutma Beni / Unut Gitsin,Mert Demi,Mist
Yokluğunun Gerçeği,Melis Karaduma,Mist
Yeniden Doğdum Ben - Akustik,Cemre Ese,Mist
Beni Severdin,Yiğit Atill,Mist
Yüreğimden Tut,Cem Tunce,Mist
En Sonunda Terk Ettim Şehrimi,Böyleyken Böyl,Mist
Kum Saati,Teoma,Mist
Çok Eski Şarkı,Şenceyli,Mist
Yalnız Sen,Yırtık Uçurtm,Mist
Bu Gece Benimle Ölür Müsün,Perdenin Ardındakile,Mist
Eve Veda,Kana Kan,Mist
ölmedim daha,Bre,Mist
Vaveyla,Kayıp Nesi,Mist
Kaybolmuş,Kalbe,Mist
Pervane,Murat Çeli,Mist
Boyalı Da Saçların,Mabel Mati,Mist
Neden Neden,Sera Sava,Mist
Dut,Doğan Du,Mist
Sevmiş Gibi,Eftalya Yağc,Rain
Yüzyıllardır Aynı Dert,Deniz Teki,Rain
Şimdi Seni Bulsam,Red,Rain
Çekil Git Manzaramdan,Zakku,Rain
Yok Çaresi,Tn,Rain
Ben Fena Aşığım,Gökse,Rain
Son Durak,Tarka,Rain
Harcandıkça,Simg,Rain
Yüze Yüze Geçtim Ankara'yı,Kendimden Hallic,Rain
Sensiz N'aparım Ben,KÖF,Rain
Köşelerde,Tepk,Rain
Kor,Emir Can İğre,Rain
Yalnızlığı Bırak Yaşayamam,Skapov,Rain
Piraye,Kahraman Deni,Rain
Bu Kadar,Sura İskenderl,Rain
nefesinde soldum,Evden Uza,Rain
Mahşer,Gökhan Türkme,Rain
Havada Bir Hinlik Var,Nilipek,Rain
Olur Mu,Gazapiz,Rain
FeeL,Büyük Ev Ablukad,Rain
Zaaf,Eftalya Yağc,Rain
ben yokken sen hep yalnızsın,Cem Yene,Rain
Beni Affet,Bura,Rain
Anlattım Ama Anlamadın,Böyleyken Böyl,Rain
Zaten Yaz Üç Aydı,Fettah Ca,Rain
ERKEN,Sef,Rain
Bitti Masal,Çağan Şengü,Rain
Bıçak,Birkan Nasuhoğl,Rain
Dip,Madriga,Rain
Hasret,Jehan Barbu,Rain
Sana Anlatmadım Hiç,Can Ko,Rain
Mutluyum Ama Birazdan Geçer,İkiye On Kal,Rain
Dolabındaki Şarkı - Akustik,Yıldızlardan Düştü,Rain
Seni Bulsam,ORK,Rain
İhanet,Femre,Rain
Sonunda,Berka,Rain
Bitti Dersin,Yedinci E,Rain
Antidepresan,Mert Demi,Rain
Yağmur,Sıl,Rain
Belki,Dedublüma,Rain
HOŞÇAKAL KADAR,Büyük Ev Ablukad,Rain
Bi' Daha Da Sevmicem,Ceren Gündoğd,Rain
Rehin,Ceren Gündoğd,Rain
Hiç Sanmıyorum,Konuya Fransı,Rain
Kiraz Çiçekleri,Güler Tunce,Rain
Sendin Düşmanım,Sena Şene,Rain
Yalnızlık,Ver,Rain
Fırtınadayım,Mabel Mati,Rain
Ben Estim Sen Esme,Selin Sümbültep,Rain
İhtimalleri Unut,Zemin Ka,Rain
Ateş Böceği,Mithat Can Öze,Rain
Hayatım Kaymış,Melek Moss,Rain
İtirazım Var,Sena Şene,Rain
Bensiz,Fatma Turgu,Rain
Yanmak Gibi,Bahadır Sağla,Rain
Her Şeyi Değil,Deeperis,Rain
NKBİ,Güne,Rain
Bir Beyaz Orkide,Cihan Mürtezaoğl,Rain
Sustum,Anıl Emre Dalda,Rain
Olan Olmuş,KÖF,Rain
Alışmak Sevmekten Zor,Gökhan Türkme,Rain
Bunun Adı Aşk,Ufuk Beydemi,Rain
Yakıyorlar,Derya Ulu,Rain
Beklenen Gemi,Kaan Boşna,Rain
Bu Yağmurlar,emre aydı,Rain
Yanmışım Sönmüşüm Ben,Elif Buse Doğa,Rain
Kandırdın Beni Hayat,Ferhat Göçe,Rain
Toprak Yağmura - Akustik,Canoza,Rain
Öl İçimde,Paptirce,Rain
Fırtınam,emre aydı,Rain
Bir Soruya Tutuldum,Perdenin Ardındakile,Rain
Nefes Bile Almadan,Red,Rain
Mahsup,Berkay Altunya,Rain
Ölene Dek,Dolu Kadehi Ters Tu,Rain
Ağlıyor Aşkına (Llorando Por Ti),Sufl,Rain
Tekinsiz,KÖF,Rain
Bi' Tek Ben Anlarım,KÖF,Rain
Uyumsuz,Deniz Teki,Rain
İstanbul'da Sonbahar,Şevval Sa,Rain
DÜŞÜNDÜKÇE ZEHİRLER BENİ O,GOKO,Rain
Hayatımın Kadını,Per,Rain
Bu Bir Yağmur Mu,Cihan Mürtezaoğl,Rain
Dünyadan Uzak,Sakile,Rain
Vay,Bostancı Day,Rain
CAN,Murat Dalkılı,Rain
Değirmenler,Teoma,Rain
DAMLALAR,M Lis,Rain
Yine Beni Sev,Emre Fe,Rain
Vazgeçemedin Ondan,Perdenin Ardındakile,Rain
Seni Terk Etmem Gerek,Batuhan Korde,Rain
Bir Nefes Kadar,Eralp Çalı,Rain
Bir Günah Gibi,Batu Akdeni,Rain
Hatıraların Gölgesi,Kalbe,Rain
Rüya,Ahmet Faik Dökmec,Rain
Aynı Değil,Batuhan Pola,Rain
Yokluğunun Gerçeği,Melis Karaduma,Rain
Olmazlara İnat,Berkay Altunya,Rain
Ben Seni Arayamam,KÖF,Rain
Kimse Senin Gibi Sevmesin,gripi,Rain
Tatsız Tuzsuz,Birsen Teze,Rain
Yaşayamam Bu Benle,Madriga,Rain
Yağmur,Bülent Ortaçgi,Rain
Gelme Aklıma,Dolu Kadehi Ters Tu,Rain
Yolda Kaldık,Güliz Ayl,Rain
Acın Ezberim,Burak Bedirl,Rain
Kaybettim Yirmilerimde,Paptirce,Rain
Hatamı Dansa Kaldırdım,Kendimden Hallic,Rain
İyi Değilim,Sufl,Rain
Bir İmkansız Var,Emrah Karaduma,Rain
Hiç Konuşmadan,Mehmet Erde,Rain
Arıyorum,Yedinci E,Rain
Yarım Kalan Sigara,No.,Rain
Mahvet 2.0,Güne,Rain
İyi Değilim Ben,Pinhan,Rain
Rüya,rody dünyad,Rain
Geçmiyor Zaman,Nilipe,Rain
Fly Away,LENNY KRAVITZ,Sand
America,Simon & Garfunkel,Sand
HIGHWAY TO YOUR HEART,Lykke Li,Sand
Don't Stop Believin',Journey,Sand
Road Trippin',Red Hot Chili Peppers,Sand
Somebody That I Used To Know,Gotye,Sand
Nothing To Declare,MGMT,Sand
purgatory,SOAK,Sand
Running,Norah Jones,Sand
anotherlife,Nilüfer Yanya,Sand
Island In The Sun,Weezer,Sand
Spoiled Children,Kat Frankie,Sand
Fever - Edit,Aldous Harding,Sand
Highway to Hell,AC/DC,Sand
The Smoke,The Smile,Sand
Roxanne - Remastered 2003,The Police,Sand
Backslide,Twenty One Pilots,Sand
Horsepower For The Streets,Jonathan Jeremiah,Sand
Sweet Home Alabama,Lynyrd Skynyrd,Sand
Skrting On The Surface,The Smile,Sand
Little Red Corvette,Prince,Sand
A Thousand Miles,Vanessa Carlton,Sand
This Is Going To Hurt - This Is Going To Hurt Original Series Soundtrack,JARV IS...,Sand
Drops of Jupiter (Tell Me),Train,Sand
Where The Streets Have No Name,U2,Sand
5.17,Thom Yorke,Sand
Are You Gonna Go My Way,LENNY KRAVITZ,Sand
Never There,Cake,Sand
Welcome to Hell,black midi,Sand
Somebody Told Me,The Killers,Sand
Neon Pill,Cage The Elephant,Sand
Owner of a Lonely Heart,Yes,Sand
Happy Customers,Two Door Cinema Club,Sand
My Babe - Adrian Sherwood Reconstruction,Spoon,Sand
Fast Car,TRACY CHAPMAN,Sand
The Architect,Kacey Musgraves,Sand
the dealer,Nilüfer Yanya,Sand
Short Skirt / Long Jacket,Cake,Sand
Bohemian Rhapsody - Remastered 2011,Queen,Sand
Interstate Love Song,Stone Temple Pilots,Sand
Dance Alone,Sia,Sand
The Hardest Cut - Paolo Baldini Remix,Spoon,Sand
The Smoke - Dennis Bovell RMX,The Smile,Sand
Message In A Bottle,The Police,Sand
Start Me Up - Remastered 1993,The Rolling Stones,Sand
Fables,Interpol,Sand
Chasing Cars,Snow Patrol,Sand
YOU DON'T GO AWAY,Lykke Li,Sand
Californication,Red Hot Chili Peppers,Sand
Bitter Sweet Love,James Arthur,Sand
making the bed,Olivia Rodrigo,Sand
Homesick,Noah Kahan,Sand
Horse With No Name,America,Sand
Wrong,Kat Franki,Sand
Hayret,Cengiz Kurtoğl,Smoke
Anne,Kibariy,Smoke
Unutamadım,Istanbul Arabesque Projec,Smoke
Gitme,Elif Buse Doğa,Smoke
İki Keklik,Orhan Hakalma,Smoke
Sen Affetsen - Remastered,Berge,Smoke
Benim Meselem,Müslüm Gürse,Smoke
Unutabilsem,Emra,Smoke
Yalnızım,İbrahim Tatlıse,Smoke
Hazin Geliyor,Hakan Taşıya,Smoke
Bir Seni Bitiremedim,Hakan Taşıya,Smoke
Kalemin Kırıldı,Azer Bülbü,Smoke
Bu Da Mı Yalan,Burhan Çaça,Smoke
Yıllar Affetmez - Saygı Albümü: Bergen,Melek Moss,Smoke
Benim Yerime de Sev,Sibel Ca,Smoke
Özlemedin mi,Intiza,Smoke
Zorundamıyım,Ceyla,Smoke
Ben İnsan Değil Miyim,İbrahim Tatlıse,Smoke
Sarhoş,İbrahim Tatlıse,Smoke
Çıldırabilirim,Selahattin Özdemi,Smoke
Resmini Öptümde Yattım,Cengiz Kurtoğl,Smoke
Dönebilsem,Derya Bedavac,Smoke
Ateşten Gömlek,Ebru Yaşa,Smoke
Aşk Yağmurları,Intiza,Smoke
Sessizce,Cengiz Kurtoğl,Smoke
Nefret,Baran Deme,Smoke
İhtiyacı Var,Alişa,Smoke
Seni Yazdım,Müslüm Gürse,Smoke
İyi Değilim,Azer Bülbü,Smoke
Zordayım,Azer Bülbü,Smoke
Ölüyorum Kederimden - Müslüm Gürse,Smoke
Alışmak Sevmekten Daha Zor,Ümit Bese,Smoke
Nasip Değilmiş,Demet Akalın - Özcan Deni,Smoke
Sabır,Emra,Smoke
Acı Mevsim,Fatih Ahıskal,Smoke
Sormaz mıyım,Ceyla,Smoke
Severim Ama Güvenemem,Yıldız Tilb,Smoke
Kalleşin Biri,Ceyla,Smoke
Dağlar Dağlar,İbrahim Tatlıse,Smoke
İhanetin Var,Selahattin Özdemi,Smoke
Canımın İçi,İzzet Yıldızha,Smoke
Söyleyin,Ebru Günde,Smoke
Neden Saçların Beyazlamış,Adnan Şense,Smoke
Ah Gönlüm,Ceyla,Smoke
Oyuncak Gibi,Güll,Smoke
Kendim Düştüm,Sibel Ca,Smoke
Terketmek Ne Kadar Kolay,Berka,Smoke
Çeşme,Ferdi Tayfu,Smoke
Dokunsan Düşecek Hale Gelmişim,Azer Bülbü,Smoke
Nikah Masası,Ümit Bese,Smoke
Ölümsüz Aşklar,Ebru Günde,Smoke
Doktor,Hakan Taşıya,Smoke
Huzurum Kalmadı,Ferdi Tayfu,Smoke
Söyleyemedim,Müslüm Gürse,Smoke
İntihar Saatler,Kubilay Karç,Smoke
Unuttun mu Beni,Derya Bedavac,Smoke
Kaderimin Oyunu,Orhan Genceba,Smoke
Mutlu Ol Yeter,İbrahim Tatlıse,Smoke
Dayı,Seyfi Doğana,Smoke
Benim İçin Üzülme - Remastered,Berge,Smoke
İstanbul Ağlıyor,Güla,Smoke
Oğlum,Ümit Bese,Smoke
Canısı,İbrahim Erka,Smoke
Âşık,Ebru Günde,Smoke
Sitem,Metin Şentür,Smoke
Utanmasam Ağlarım,Cengiz Kurtoğl,Smoke
Vazgeç Gönlüm,Melek Moss,Smoke
Usta (Selami Şahin Şarkıları 1),Sakile,Smoke
Kurşuna Gerek Yok,İbrahim Tatlıse,Smoke
Sabah Olmadan,Güll,Smoke
Gel Barışalım Artık,Ferman Topra,Smoke
Bu Şehirde Yaşanmaz,Lİne,Smoke
Ummadığım Anda,Rubat,Smoke
Kardelen,Yıldız Tilb,Smoke
Benim Hayatım,İbrahim Tatlıse,Smoke
Yalan,İbrahim Tatlıse,Smoke
Gizli Sevda,Ferdi Tayfu,Smoke
Gelmişine Geçmişine,Özgür Alt,Smoke
Çok Geç Kaldın,Sena Şene,Snow
Boşuna Nefes Tüketme,Emir Can İğre,Snow
Gözyaşı Kadehleri,Ceren Gündoğd,Snow
Yan,Berka,Snow
Gitti Gideli,Tarka,Snow
ATLA DA GEL,Bura,Snow
Bi' Şeyler,Kalbe,Snow
Başkası,Gökse,Snow
Ellerin Uzansa - Akustik,Ufuk Beydemi,Snow
Rüyanda Görsen İnanma,Sıl,Snow
Rehin,Ceren Gündoğd,Snow
Bumaya,Kenan Doğul,Snow
Başlangıç,Anıl Durmu,Snow
Mucize,Etoloo,Snow
Son Durağın,Kahraman Deni,Snow
Sevemedim Kara Gözlüm,Mehmet Erde,Snow
Al Yorgun Kalbimi,Güliz Ayl,Snow
Sarmaşık,Evdeki Saa,Snow
Hapi,PE,Snow
Nefes,Derya Ulu,Snow
Dua,Güne,Snow
Düşünürüm,Kalbe,Snow
YANAMAM,Can Ofla,Snow
Hücumdayım,Güliz Ayl,Snow
Seni İstemiyorum,Güne,Snow
Bonita,Sef,Snow
Yakışıklı,KÖF,Snow
Hoş Geldin,Mahsun Kırmızıgü,Snow
Saçlarıma Yıldız Takana,Tuğçe Kandemi,Snow
Bu Saatten Sonra,İkile,Snow
Kötü,Tuğka,Snow
Olmuşum Leyla,Bura,Snow
Göklerde Süzülürken,Anıl Piyanc,Snow
Konu O Olunca,İrem Deric,Snow
Nasır,Melike Şahi,Snow
Seve Seve,Aslı Ece Yılma,Snow
Hezarfen,Erdem Kına,Snow
ERKEN,Sef,Snow
seni o gökyüzüne ben koydum,Cem Yene,Snow
Karanfil - Yeni Türkü Zamansız,Melek Moss,Snow
Mesajın Var,Beng,Snow
MASAL,Motiv,Snow
nefesinde soldum,Evden Uza,Snow
Ateşe Düştüm,Mert Demi,Snow
Heba,Ece Muma,Snow
Gülü Sevdim Dikeni Battı,Melis Fi,Snow
Fren,KÖF,Snow
Yine Karşılaşırsak,Can Bonom,Snow
cesaret,Sena Şahi,Snow
Güle Güle Şekerim - Her Dem Yeşil,Sertab Erene,Snow
1500,Mert Demi,Snow
Boşuna,Hande Yene,Snow
Küçük Bir Yol,Hadis,Snow
Sevmiyo,Hadis,Snow
Pare,Reynme,Snow
Çok Özledim,Mavi Gr,Snow
YOK (Ee daha daha nasılsınız?),Sura İskenderl,Snow
İyi Değilim,Sinan Akçı,Snow
Düldül,Mabel Mati,Snow
KAFAM Bİ DÜNYA,Mert Demi,Snow
FeeL,Büyük Ev Ablukad,Snow
Beni Hatırla,Sıl,Snow
Aklım Kalır,Aybüke Alber,Snow
Pusulam Rüzgar,Melike Şah,Snow
Aşka Uzandım Kanadım Yandı,Hirai Zerdüş,Squall
Masamda Resmin,Kurtuluş Kuş,Squall
Yalnızım,Doğuş,Squall
Artık Ağlamam - Akustik,Ceylan,Squall
Acıyla Kucaklaştım,Anıl Durmuş,Squall
Vurgun,Sura İskenderli,Squall
Söylemeyin,Ebru Gündeş,Squall
Seni Seviyorum - Live,Mert Demir,Squall
İntihar Saatler,Kubilay Karça,Squall
Acı Veriyor,Mert Demir,Squall
Yaka Yaka,Elif Buse Doğan,Squall
Seni Tanımasam,Kahraman Deniz,Squall
Ben Ne Yangınlar Gördüm,Can Gox,Squall
Sormaz mıyım,Ceylan,Squall
Kalbimden Çıkmıyorsun,Yıldız Tilbe,Squall
Sabıkalı Gülüşler,Kubilay Karça,Squall
İnsafsız - İbrahim Erkal Hürmet 3,Doğuş,Squall
Yanmışım Sönmüşüm Ben,Elif Buse Doğan,Squall
Saklanacağım,Hakan Altun,Squall
Bitti Masal,Çağan Şengül,Squall
Senin Kadar Hiç Kimseyi Sevmedim,Elif Buse Doğan,Squall
Ummadığım Anda,Rubato,Squall
Gelse N'olur,Güncel Gürsel Artıktay,Squall
Gitme,Elif Buse Doğan,Squall
Vakitsiz Geldin,Ebru Gündeş,Squall
Bu Kadar,Sura İskenderli,Squall
Bağıra Bağıra,Sezer Sarıgöz,Squall
Gelmişine Geçmişine,Özgür Alter,Squall
Demir Attık Bu Limandan - Akustik,Anıl Durmuş,Squall
Sevme - İbrahim Erkal Hürmet 3,Linet,Squall
Kahır,Derya Uluğ,Squall
Sessizce,Elif Buse Doğan,Squall
Ağıt,Sura İskenderli,Squall
Manolya,Burak Bulut,Squall
Alkışlar - Acoustic Version,Erdem Kınay,Squall
Namert Olayım (Selami Şahin Şarkıları 1),Derya Bedavacı,Squall
Unuttun mu Beni,Derya Bedavaci,Squall
Sürgün Aşkımız,Sakiler,Squall
Benim İçin Öldün Artık (Selami Şahin Şarkıları 1),Elif Sanchez,Squall
Seni Kimler Aldı,Beyhude,Squall
AŞK LAFTAN ANLAMAZ Kİ,Barabar,Squall
Sevme - İbrahim Erkal Hürmet,Gökhan Türkmen,Squall
Celladına Aşık,Kubilay Karça,Squall
Ayın Bile Ayrılıktı Sonu,Sezer Sarıgöz,Squall
Çilingir,Merve Özbey,Squall
Sever Misin Yeniden,Serkan Nişancı,Squall
Uykuma Bir Kala,Aylin Yeliz,Squall
Unutamadım,Sinan Özen,Squall
Sen Miydin Sevgilimi Çalan?,Ayçin Asan,Squall
Garipler,Berdan Mardini,Squall
Karakol,Sibel Can,Squall
Hep Sen Varsın,Sezer Sarıgöz,Squall
Hüzün Makamı,Zehra,Squall
Hüküm,Cem Adrian,Squall
Gidiyorum,Sura İskenderli,Squall
SEN YA DA BEN,Şimal,Squall
Erise Dağların Karı,Cevher,Squall
Gidecek Bir Gün,Müslüm Gürses,Squall
Yüce Dağ Başında Kar Boran Boran,Elif Buse Doğan,Squall
Acımıyorsan,Ayçin Asan,Squall
Her Sevda Bir Ölümmüş,Deniz Aygül,Squall
Keşke Gelmeseydim Yalan Dünyaya,Aysel Yakupoğlu,Squall
Duygularım,Derya Bedavaci,Squall
Ne Vefasız Yarmışsın,Zara,Squall
Rüyalarda Buluşuruz,Kafadar,Squall
Virane Gönlüm,Kubilay Karça,Squall
Kadehi Şişeyi Kırarım,Hakan Altun,Squall
Dilek Taşı,Ferdi Özbeğen,Squall
sen ağla,Sıla,Squall
Yalanı Bırak,Sakiler,Squall
Unutmak Öyle Kolay Mı Sandın,Semicenk,Squall
Bir Fincan Kahve,Eda Baba,Squall
Canım Dediklerim,İbrahim Tatlıses,Squall
Dertli Dertli,İsmail YK,Squall
Söyle,Ahmet Kaya,Squall
Öldüm Yar,Aysel Yakupoğlu,Squall
Git,Ahmet Parlak,Squall
Dünyadan Uzak,Sakiler,Squall
Hüzün Maskesi,Derya Bedavacı,Squall
Sevemedim Ayrılığı,Hakan Altun,Squall
Kaçak,Serkan Kaya,Squall
Senden Vazgeçmem,Rubato,Squall
Gün Gelir,Merve Yavuz,Squall
Beni İyi Sanıyorlar,Oğuzhan Koç,Squall
Sana Bir Şey Olmasın,Doğu,Squall
Kendine İyi Bak,Elif Buse Doğan,Squall
Hazır Mısın Saki?,Serhat Mardin,Squall
Bakma Bana Öyle,Sezer Sarıgöz,Squall
Al Sevgilim,Semicenk,Squall
Masal Gibi,Semicenk,Squall
Anlı Şanlı,Tuğçe Kandemir,Squall
Yastık,Burak Duman,Squall
Ölürüm Hasretinle,Sakiler,Squall
Ödüm Kopuyor,Selcan Asyalı,Squall
Ağır Kurşun,Kurtuluş Kuş,Squall
Kalbimden,Sancak,Squall
Seni Kırmışlar,Kubilay Karça,Squall
İçime Ata Ata,Burak Bulut,Squall
Nilüfer,Müslüm Gürses,Squall
Yorgun Yıllarım,Cengiz Kurtoğlu,Squall
Çok Ağlarız,Hakan Altun,Squall
Yoluma Taş Koydular,Kubilay Karça,Squall
Aşkın Mevsimi,Oğuzhan Koç,Squall
Vazgeçtim,Yıldız Tilbe,Squall
Yediverenim,Funda Arar,Squall
Yarab Bu Ne Derttir,Sevcan Orhan,Squall
Cennet,Ebru Gündeş,Squall
İhtiyacı Var,Alişan,Squall
Bulutlara Esir Olduk,Şahin Özlem,Squall
Âşık,Ebru Gündeş,Squall
Kalakaldım,Serkan Kaya,Squall
Hatıran Yeter,Haktan,Squall
Gitme Sana Muhtacım,Zeki Müren,Squall
Sana Aitim,Metin Şentürk,Squall
Bir Telefon,Hakan Altun,Squall
Bilsem Ki,Serdar Ortaç,Squall
Yalan,İbrahim Tatlıses,Squall
Güz Gülleri,Hakan Taşıyan,Squall
Benim Hayatım,İbrahim Tatlıses,Squall
Ben Ne Yangınlar Gördüm,Ebru Yaşar,Squall
Canın Olayım,Sevcan Orhan,Squall
Ölürüm,Sibel Can,Squall
Kahır,Demet Akalın,Squall
Kabul Et,Hakan Altun,Squall
En Büyük Günahımsın,Ekin Uzunlar,Squall
Gül Sevdik Dikeni Kader,Bahadır Tatlıöz,Squall
Hasret Akşamları,Intizar,Squall
Gidemem,Rubato,Squall
Canıma Minnet,Sakiler,Squall
Beş Dakika,Sibel Can,Squall
Aman Aman,Lİnet,Squall
Sonsuza Dek,Ebru Gündeş,Squall
Sabahçı Kahvesi,Melek Mosso,Squall
Seni Öptüğüm Sokak,Tuğçe Kandemir,Squall
Bir Alo De,Yaşar İpek,Squall
Bir Nefes Sigara,Serkan Nişancı,Squall
Virane Gönlüm,Funda Arar,Squall
Yaramızda Kalsın,Merve Özbey,Squall
Adını Sen Koy,Müslüm Gürse,Squall
Destiny (Radio Edit) - Radio Edit,Zero ,Thunder
Partenza,Haru Kitamur,Thunder
Come Away With Me,Norah Jone,Thunder
Love Is in the Small Things,Flora Cas,Thunder
Breathe,Télépopmusi,Thunder
Tides,Bonob,Thunder
1000 Oceans - 2006 Remaster,Tori Amo,Thunder
Yan Yana,Yalnaya,Thunder
Impromptu,Olivia Bell,Thunder
Bab-ı Esrar,Yansımala,Thunder
Event Horizon,Franke Willium,Thunder
So Ambiguous,Röyksop,Thunder
Le moulin - From "Le Fabuleux Destin d'Amélie Poulain",Blue Minde,Thunder
How to Disappear Completely,Radiohea,Thunder
Through Shadows,Angus MacRa,Thunder
Kayboldum,Mine Özgül,Thunder
Hallo,Mouse On Mar,Thunder
The Killing Moon,Nouvelle Vagu,Thunder
Sahiden,Selû,Thunder
It's Not You,Chet Fake,Thunder
To Believe,The Cinematic Orchestr,Thunder
Qarib,Büşra Kayıkç,Thunder
Olta,Dilhan Şeşe,Thunder
Reunite,Sertaç Özgümü,Thunder
La valse d'Amélie - From "Le Fabuleux Destin d'Amélie Poulain",Blue Minde,Thunder
Aynı Değil,Batuhan Pola,Thunder
2 Pieces, Op. 81: Ida Ballad - Fazıl Say,Thunder
Soon This Space Will Be Too Small,Lhasa De Sel,Thunder
Something To Remember,Hau,Thunder
Slip,Elliot Mos,Thunder
Porcelain,Mob,Thunder
Outline (feat. Lou Stone),Zero ,Thunder
Yavaş,Selen Gülü,Thunder
Alone in Kyoto,Ai,Thunder
Upside Down,James Herse,Thunder
Karşı Kıyı,İdil Meş,Thunder
Bir Yol Bulunur Bir Son Bulunduysa - Akustik,Salman Ti,Thunder
Speeding Cars,Imogen Hea,Thunder
Skin to Skin,prx,Thunder
Gel,Gözyaşı Çetes,Thunder
When I Was Older,Billie Eilis,Thunder
The Silence in Between - Acoustic,Lam,Thunder
rises the moon,liana flore,Thunder
Rainbow,Clock,Thunder
Güneş,Can Bonom,Thunder
Home Again,Michael Kiwanuk,Thunder
Lago Escondido,Samuel Aguila,Thunder
Anguille Glissante,Jorul,Thunder
Over the Hill,Norah Jone,Thunder
Everything Explained,Pat Methen,Thunder
Otherwise,Morcheeb,Thunder
Any Other Name,Martin Jacoby & Thomas Newma,Thunder
Go Easy, Kid - Monica Marti,Thunder
Settle Down,North Down,Thunder
Peri,Bulut Güle,Thunder
Boat,Ed Sheera,Thunder
Interlude 1 - Lighthouse,Robin Bennic,Thunder
Color Me Blue,Akan,Thunder
İyi Değilim,Sufl,Thunder
Derinden / bazen hayat çok kötü gidiyor ve ben onu nasıl anlatacağımı bilemiyorum,Barış Dir,Thunder
You Wish,Nightmares On Wa,Thunder
These Days,Cat Powe,Thunder
Sure Thing,St Germa,Thunder
Timeless,Notre Dame,Tornado
Aikido,Made By Pete,Tornado
We've Been Here Before,Tim Green,Tornado
House Life - Marco Lys Remix,Francis Mercier,Tornado
Andalusian,Mahmut Orhan,Tornado
Aguacero,Sebjak,Tornado
Just A Feeling (feat. Paul Brenning) [Maxim Lany Remix] - Maxim Lany Remix,Yulia Niko,Tornado
Cuatro Vientos (HUGEL Version) (Extended Mix),Danit,Tornado
Georgia,LP Giobbi,Tornado
Locust - Mixed,&ME,Tornado
Terapi,Bedük,Tornado
Only You,AVÖ,Tornado
Patchido,AMÉMÉ,Tornado
KINTSUGI,Steff da Campo,Tornado
Manane,PALMFooD,Tornado
Fill The Space,Bedouin,Tornado
Benjamín Carrión,Sinego,Tornado
Kutupu,Caiiro,Tornado
Home,Solomun,Tornado
Başa Bela,Xinobi,Tornado
Ma Yote,Darksidevinyl,Tornado
Isando,Dandara,Tornado
Zodiac,Agents Of Time,Tornado
Shine You Crazy Diamond - Extended Mix,Darksidevinyl,Tornado
Sete,BLOND:ISH,Tornado
Premier Gaou (Nitefreak Remix) - Nitefreak Remix,Francis Mercier,Tornado
Your Voice - Adam Port Remix,Caiiro,Tornado
Tarlabasi (Be Svendsen Remix),Oceanvs Orientalis,Tornado
Waiting For César,Xinobi,Tornado
Prospect (feat. ÄTNA) [Carl Craig Late Island Mix] - Carl Craig Late Island Mix,Solomun,Tornado
Horizon Red,Made By Pete,Tornado
The Church,Rampa,Tornado
Ecocide,Tim Green,Tornado
The Way Back,Solomun,Tornado
Tumda - Extended Mix,Stephan Jolk,Tornado
Life Is...,BLOND:ISH,Tornado
Bye Bye,&ME,Tornado
Spanish Vibe (feat. Erez Netz),Asher Swissa,Tornado
Middle East,Avi Snow,Tornado
Black Child,Caiiro,Tornado
Set of Rules,Notre Dame,Tornado
On the Rock,Mozambo,Tornado
Amaru,Yamil,Tornado
Una Hormiga - Marco Tegui & Munaylayt Remix,Seba Campos,Tornado
Switch,Gianni Romano,Tornado
Call My Name,BLOND:ISH,Tornado
New 78,Mozambo,Tornado
Kukolka,Yulia Niko,Tornado
Mahal,Glass Beams,Tornado
Siente,Brisa Fenoy,Tornado
L'aventure des plantes,Less Hate,Tornado
Another Brick In The Wall,Darksidevinyl,Tornado
WHO ARE THE MASTERS,Gianni Romano,Tornado
Harar,Made By Pete,Tornado
Euclidean,The Kite String Tangle,Tornado
Batonga,AMÉMÉ,Tornado
Move Move,Mozamb,Tornado
Taa Uzak Yollardan,Nilüfer,Night
Geri Dön,Sezen Aksu,Night
Simsiyah,Mustafa Ceceli,Night
Yaramızda Kalsın,Onur Can Özcan,Night
Beni Vurup Yerde Bırakma,emre aydın,Night
Unutmadım,Kolpa - Yaprak Çamlıca,Night
Unuttun mu Beni,Sezen Aksu,Night
Yalnızlık Senfonisi,Sezen Aksu,Night
Yalnızlık Masalı,Aydilge,Night
Geceler,Funda Arar,Night
Gece,Ozan Doğulu,Night
Geceler,Nilüfer,Night
Geceler Kara Tren,emre aydın,Night
Gecelerim,Kenan Doğulu,Night
Bir Pazar Kahvaltısı,Emre Aydın - Model,Night
Beni Vur (Akustik),Deniz Tekin,Night
Ölsem Yeridir,Yüzyüzeyken Konuşuruz,Night
Medcezir,Levent Yüksel,Night
İyileşiyorum,Sertab Erener,Night
Bu Gece Son,Sertap Erener,Night
Aşk,Sertab Erener,Night
Bekle Dedi Gitti - Çizik,Kaan Tangöze,Night
Aşk Dediğin,Majeste,Night
Gül Güzeli,Leman Sam,Night
Beni Benimle Bırak,maNga,Night
Bilir O Beni,Pinhani,Night
Ne Güzel Güldün,Pinhani,Night
Aşk Bir Mevsim,Pinhani,Night
Yıldızlar,Pinhani,Night
Alev Alev,Feridun Düzağaç,Night
Toprak Yağmura - Akustik,Canozan,Night
Sar Bu Şehri - Akustik,Canozan,Night
Yalnızlık Ömür Boyu,MFÖ,Night
Eksik Bir Şey,Zuhal Olcay,Night
Son Arzum,Nilüfer,Night
Anlamazdın,Ayla Dikmen,Night
Sevdim Seni Bir Kere,Teoman,Night
Uykusuz Her Gece,Teoman,Night
Gemiler,Teoman,Night
Gitme Kal Bu Şehirde,Nazan Öncel,Night
Yalan Dünya,Murat Dalkılıç,Night
Birden Geldin Aklıma,Tuna Kiremitçi,Night
Sen Beni Unutamazsın,emre aydın,Night
Beni Hatırla,Ayşegül Aldinç,Night
Beni Biraz Böyle Hatırla,emre aydın,Night
AŞK,Dedublüman,Night
Ben Seni Çok Sevdim,Cem Adrian,Night
Kül,Cem Adrian,Night
Firuze,Tarkan,Night
Biliyorsun,Sezen Aksu,Night
İyi Değilim Ben,Pinhani,Night
Kurşuni Renkler,Sezen Aksu,Night
Belki,Dedublüman,Night
Sen Orda Yoksun,Göksel,Night
Tuana,Levent Yüksel,Night
Kendine İyi Bak,Cem Adrian,Night
Seni Dert Etmeler,Madrigal,Night
Söz Bitti,Sezen Aksu,Night
Seninle Olmak Var Ya,Nilüfer,Night
Olsun,Sertab Erener,Night
Erkekler Ağlamaz,Nilüfer,Night
Arnavut Kaldırımı,Demet Sağıroğlu,Night
Kalbim (Slow Versiyon),Bengü,Night
Özledim,Murat Boz,Night
Geçer,Sezen Aksu,Night
Haram Geceler,Nilüfe,Night
Serseri,Teoman,Day
Geççek,Tarkan,Day
Yolla,Tarkan,Day
Öp,Tarkan,Day
Dudu,Tarkan,Day
Yap Bi Güzellik,Tarkan,Day
Şımarık,Tarkan,Day
Janti,Murat Boz,Day
Harbi Güzel,Murat Boz,Day
Geri Dönüş Olsa,Murat Boz,Day
Dansöz,Serdar Ortaç,Day
Karabiberim,Serdar Ortaç,Day
Karabiberim,Serdar Ortaç,Day
Aldatıldık,Rengin,Day
Ay İnanmıyorum,Aşkın Nur Yengi,Day
Leyla,Murat Dalkılıç,Day
Bir Güzellik Yap,Murat Dalkılıç,Day
Bir Efsane,Hakan Peker,Day
Yaşandı Bitti,Burak Kut,Day
Benimle Oynama,Burak Kut,Day
Ver Allah,Burak Kut,Day
Rütbeni Bileceksin,Kenan Doğulu,Day
Heyecanlıyım,Burak Kut,Day
Yana Döne,Murat Boz,Day
Düm Tek Tek,Hadise,Day
Aşk Kaç Beden Giyer,Hadise,Day
Sıfır Tolerans,Hadise,Day
Sakin Ol,Sertab Erener,Day
Ateşle Barut,Sertab Erener,Day
Aldırma Deli Gönlüm,Sertab Erener,Day
Everyway That I Can - Special Bubbling Mix,Sertab Erener,Day
Believer,Imagine Dragons,Day
Haydi Gel Benimle Ol,Sezen Aksu,Day
Haydi Gel İçelim,Yüksek Sadakat,Day
Bir Efsane,Hakan Peker,Day
Dance Monkey,Tones and I,Day
Waka Waka (This Time for Africa),Shakira,Day
Pazara Kadar,Mustafa Sandal,Day
Okyanus,Derya Uluğ,Day
Mecbursun,Sertab Erener,Day
Take You Dancing,Jason Derulo,Day
Fairytale,Alexander Rybak,Day
Shape of You,Ed Sheeran,Day
Bir Hayli,Murat Dalkılıç,Day
Kedi Gibi,Tarkan,Day
Bitter,İrem Derici,Day
Yaz Gülü,İrem Derici,Day
Aşkımız Olay Olacak,İrem Derici,Day
Acemi Balık,İrem Derici,Day
Gir Kanıma,Harun Kolçak,Day
Çifte Kavrulmuş,Emre Altuğ,Day
Beggin',Måneskin,Day
Kalamam Arkadaş,Murat Boz,Day
Deli Divane,Buray,Day
Alacalı,Buray,Day
Sevdanın Son Vuruşu,Tarkan,Day
Her Nerdeysen,Tarkan,Day
Bi' Tık - Sunrise Version,Ajda Pekkan,Day
Eğlen Güzelim,Ajda Pekkan,Day
Yakar Geçerim,Ajda Pekkan,Day
Olanlar Oldu,Ajda Pekkan,Day
Aşklayalım - Şehrazat Bir Ömrün Hikayesi,Ajda Pekkan,Day
Sıcak,Emre Altuğ,Day
Sıcak,Emre Altuğ,Day
Başıma Gelenler,Nilüfer,Day
Yeniden Sev,Nilüfe,Day
